{"initial_reset_timestamp": 1578832752.3614092, "timestamps": [1578832753.959517, 1578832757.3962889, 1578832757.4797225, 1578832757.5077283, 1578832757.5347352, 1578832757.5607405, 1578832757.5857458, 1578832757.6107516, 1578832760.9921138, 1578832761.0792286, 1578832761.1062348, 1578832761.1332412, 1578832761.1612475, 1578832761.188254, 1578832761.2152593, 1578832761.2402647, 1578832761.265271, 1578832761.289277, 1578832761.315282, 1578832761.3442888, 1578832761.372295, 1578832761.3993008, 1578832761.4213066, 1578832761.4483118, 1578832761.475318, 1578832761.5023239, 1578832761.5273302, 1578832765.458267, 1578832765.5432856, 1578832765.5622907, 1578832765.5892963, 1578832765.6133025, 1578832765.6383083, 1578832765.6633134, 1578832765.687318, 1578832765.7133238, 1578832765.73833, 1578832765.7643354, 1578832765.7873425, 1578832765.8103616, 1578832765.8353524, 1578832765.8613582, 1578832765.887365, 1578832765.91237, 1578832765.9373755, 1578832765.9613986, 1578832765.9863873, 1578832766.0104098, 1578832766.035415, 1578832766.0604177, 1578832766.086426, 1578832766.1114316, 1578832766.135437, 1578832766.1614256, 1578832766.186432, 1578832766.2124543, 1578832766.23846, 1578832766.2514632, 1578832766.2764688, 1578832766.3024716, 1578832766.3274632, 1578832766.353469, 1578832766.378474, 1578832766.4034796, 1578832769.7922468, 1578832769.8718724, 1578832769.897879, 1578832769.921884, 1578832769.9468896, 1578832769.969895, 1578832769.982898, 1578832770.0099044, 1578832770.0189064, 1578832770.043912, 1578832770.0689175, 1578832770.0949223, 1578832770.1239295, 1578832770.1529357, 1578832770.178942, 1578832770.2049482, 1578832770.2299538, 1578832770.254959, 1578832770.2799647, 1578832770.3049705, 1578832770.3299763, 1578832770.354982, 1578832770.380988, 1578832770.4059932, 1578832770.432999, 1578832770.4620051, 1578832770.4820106, 1578832770.5090163, 1578832770.536023, 1578832770.5620286, 1578832770.5890346, 1578832770.6160407, 1578832770.642047, 1578832770.6690524, 1578832770.6960578, 1578832770.7220638], "episode_lengths": [90, 200, 200, 200, 200, 200, 200, 200, 200, 200, 200, 200, 200, 200, 200, 200, 200, 189, 200, 200, 200, 200, 170, 200, 200, 200, 200, 200, 200, 131, 200, 200, 200, 200, 184, 200, 200, 200, 187, 179, 200, 200, 200, 200, 200, 200, 200, 200, 200, 200, 200, 200, 200, 200, 200, 200, 200, 110, 200, 200, 200, 200, 200, 200, 200, 171, 192, 200, 200, 183, 103, 200, 72, 200, 200, 200, 200, 200, 200, 200, 200, 200, 200, 200, 200, 200, 200, 200, 200, 200, 150, 200, 200, 200, 200, 200, 200, 200, 200, 200], "episode_rewards": [90.0, 200.0, 200.0, 200.0, 200.0, 200.0, 200.0, 200.0, 200.0, 200.0, 200.0, 200.0, 200.0, 200.0, 200.0, 200.0, 200.0, 189.0, 200.0, 200.0, 200.0, 200.0, 170.0, 200.0, 200.0, 200.0, 200.0, 200.0, 200.0, 131.0, 200.0, 200.0, 200.0, 200.0, 184.0, 200.0, 200.0, 200.0, 187.0, 179.0, 200.0, 200.0, 200.0, 200.0, 200.0, 200.0, 200.0, 200.0, 200.0, 200.0, 200.0, 200.0, 200.0, 200.0, 200.0, 200.0, 200.0, 110.0, 200.0, 200.0, 200.0, 200.0, 200.0, 200.0, 200.0, 171.0, 192.0, 200.0, 200.0, 183.0, 103.0, 200.0, 72.0, 200.0, 200.0, 200.0, 200.0, 200.0, 200.0, 200.0, 200.0, 200.0, 200.0, 200.0, 200.0, 200.0, 200.0, 200.0, 200.0, 200.0, 150.0, 200.0, 200.0, 200.0, 200.0, 200.0, 200.0, 200.0, 200.0, 200.0], "episode_types": ["t", "t", "t", "t", "t", "t", "t", "t", "t", "t", "t", "t", "t", "t", "t", "t", "t", "t", "t", "t", "t", "t", "t", "t", "t", "t", "t", "t", "t", "t", "t", "t", "t", "t", "t", "t", "t", "t", "t", "t", "t", "t", "t", "t", "t", "t", "t", "t", "t", "t", "t", "t", "t", "t", "t", "t", "t", "t", "t", "t", "t", "t", "t", "t", "t", "t", "t", "t", "t", "t", "t", "t", "t", "t", "t", "t", "t", "t", "t", "t", "t", "t", "t", "t", "t", "t", "t", "t", "t", "t", "t", "t", "t", "t", "t", "t", "t", "t", "t", "t"]}