{"initial_reset_timestamp": 1578845343.2793272, "timestamps": [1578845346.7160993, 1578845349.1666498, 1578845349.2473202, 1578845349.273326, 1578845349.2873292, 1578845349.3163354, 1578845349.343342, 1578845349.3703475, 1578845352.7509272, 1578845352.8319452, 1578845352.8589513, 1578845352.8839574, 1578845352.9089642, 1578845352.9209664, 1578845352.940971, 1578845352.9599748, 1578845352.9839807, 1578845353.0109866, 1578845353.0329902, 1578845353.0579965, 1578845353.0760005, 1578845353.1000054, 1578845353.1080077, 1578845353.11901, 1578845353.1440163, 1578845353.1710212, 1578845353.1990278, 1578845356.582788, 1578845356.672808, 1578845356.7008145, 1578845356.717818, 1578845356.7438238, 1578845356.7718308, 1578845356.7968366, 1578845356.8228426, 1578845356.8478482, 1578845356.868853, 1578845356.8798554, 1578845356.9048615, 1578845356.9318662, 1578845356.9588726, 1578845356.9688745, 1578845356.9958813, 1578845357.0258875, 1578845357.0558946, 1578845357.0829003, 1578845357.103905, 1578845357.1269107, 1578845357.1459148, 1578845357.1699216, 1578845357.1949272, 1578845357.219932, 1578845357.243937, 1578845357.2599406, 1578845357.2829463, 1578845357.3069513, 1578845357.331957, 1578845357.355963, 1578845357.3789673, 1578845357.4009724, 1578845357.4219775, 1578845357.4469829, 1578845357.470988, 1578845357.495994, 1578845360.5496793, 1578845360.633698, 1578845360.652702, 1578845360.6677055, 1578845360.6927118, 1578845360.7137165, 1578845360.738722, 1578845360.750726, 1578845360.780731, 1578845360.8077378, 1578845360.8287418, 1578845360.8537483, 1578845360.8787534, 1578845360.903759, 1578845360.9207628, 1578845360.945769, 1578845360.9717746, 1578845360.99678, 1578845361.0227866, 1578845361.0477917, 1578845361.067796, 1578845361.0928013, 1578845361.1178071, 1578845361.1378117, 1578845361.157817, 1578845361.182822, 1578845361.2038267, 1578845361.2288322, 1578845361.2468362, 1578845361.2718422, 1578845361.2978477, 1578845361.3168519, 1578845361.341858, 1578845361.3658628, 1578845361.3818672, 1578845361.4078739], "episode_lengths": [200, 140, 158, 182, 104, 200, 200, 200, 200, 192, 200, 200, 200, 96, 167, 149, 193, 200, 177, 200, 135, 181, 60, 86, 200, 196, 200, 200, 200, 200, 129, 200, 200, 196, 200, 200, 172, 86, 200, 200, 200, 71, 200, 200, 200, 200, 169, 183, 153, 200, 200, 200, 190, 130, 180, 200, 190, 191, 191, 176, 164, 200, 200, 200, 180, 200, 137, 118, 200, 166, 200, 95, 200, 200, 156, 200, 200, 200, 136, 200, 199, 200, 194, 200, 162, 200, 200, 160, 163, 200, 175, 200, 141, 200, 200, 145, 200, 200, 129, 200], "episode_rewards": [200.0, 140.0, 158.0, 182.0, 104.0, 200.0, 200.0, 200.0, 200.0, 192.0, 200.0, 200.0, 200.0, 96.0, 167.0, 149.0, 193.0, 200.0, 177.0, 200.0, 135.0, 181.0, 60.0, 86.0, 200.0, 196.0, 200.0, 200.0, 200.0, 200.0, 129.0, 200.0, 200.0, 196.0, 200.0, 200.0, 172.0, 86.0, 200.0, 200.0, 200.0, 71.0, 200.0, 200.0, 200.0, 200.0, 169.0, 183.0, 153.0, 200.0, 200.0, 200.0, 190.0, 130.0, 180.0, 200.0, 190.0, 191.0, 191.0, 176.0, 164.0, 200.0, 200.0, 200.0, 180.0, 200.0, 137.0, 118.0, 200.0, 166.0, 200.0, 95.0, 200.0, 200.0, 156.0, 200.0, 200.0, 200.0, 136.0, 200.0, 199.0, 200.0, 194.0, 200.0, 162.0, 200.0, 200.0, 160.0, 163.0, 200.0, 175.0, 200.0, 141.0, 200.0, 200.0, 145.0, 200.0, 200.0, 129.0, 200.0], "episode_types": ["t", "t", "t", "t", "t", "t", "t", "t", "t", "t", "t", "t", "t", "t", "t", "t", "t", "t", "t", "t", "t", "t", "t", "t", "t", "t", "t", "t", "t", "t", "t", "t", "t", "t", "t", "t", "t", "t", "t", "t", "t", "t", "t", "t", "t", "t", "t", "t", "t", "t", "t", "t", "t", "t", "t", "t", "t", "t", "t", "t", "t", "t", "t", "t", "t", "t", "t", "t", "t", "t", "t", "t", "t", "t", "t", "t", "t", "t", "t", "t", "t", "t", "t", "t", "t", "t", "t", "t", "t", "t", "t", "t", "t", "t", "t", "t", "t", "t", "t", "t"]}