{"initial_reset_timestamp": 1585336360.0239055, "timestamps": [1585336363.5450516, 1585336365.7784991, 1585336365.8790078, 1585336365.9052534, 1585336365.9252505, 1585336365.9477954, 1585336365.967683, 1585336365.9956968, 1585336368.7951934, 1585336368.8789604, 1585336368.9062495, 1585336368.9320292, 1585336368.949942, 1585336368.9696224, 1585336368.9926925, 1585336369.0165477, 1585336369.0418432, 1585336369.0721025, 1585336369.0959208, 1585336369.1260705, 1585336369.1554909, 1585336369.1855512, 1585336369.2156906, 1585336369.2387147, 1585336369.268804, 1585336369.292375, 1585336369.3140614, 1585336372.69584, 1585336372.7931604, 1585336372.8244026, 1585336372.8465204, 1585336372.8693748, 1585336372.8926265, 1585336372.9248447, 1585336372.9476237, 1585336372.9764295, 1585336373.0077925, 1585336373.0402925, 1585336373.0716488, 1585336373.0949347, 1585336373.1214585, 1585336373.1461318, 1585336373.178678, 1585336373.2111654, 1585336373.2385662, 1585336373.2590675, 1585336373.2916405, 1585336373.3203695, 1585336373.3462656, 1585336373.3710592, 1585336373.396746, 1585336373.4278717, 1585336373.4584274, 1585336373.4886053, 1585336373.5154312, 1585336373.5362532, 1585336373.5589144, 1585336373.5794146, 1585336373.6035671, 1585336373.633673, 1585336373.6533349, 1585336373.6777716, 1585336373.6979969, 1585336373.723309, 1585336376.7618258, 1585336376.8743834, 1585336376.8902402, 1585336376.9156525, 1585336376.9392102, 1585336376.9586847, 1585336376.9819481, 1585336377.0081296, 1585336377.0302744, 1585336377.059824, 1585336377.0899286, 1585336377.1198847, 1585336377.1393154, 1585336377.1637442, 1585336377.1895826, 1585336377.2157376, 1585336377.2457454, 1585336377.265869, 1585336377.2880263, 1585336377.3113453, 1585336377.341465, 1585336377.3657146, 1585336377.3858867, 1585336377.4084105, 1585336377.432027, 1585336377.4578903, 1585336377.4880528, 1585336377.5107584, 1585336377.5368588, 1585336377.5591235, 1585336377.5893695, 1585336377.6114168, 1585336377.6397028, 1585336377.6678333, 1585336377.689445, 1585336377.7194946], "episode_lengths": [200, 128, 140, 174, 133, 150, 132, 185, 165, 159, 178, 160, 119, 130, 152, 157, 167, 200, 157, 200, 196, 200, 200, 153, 200, 156, 144, 200, 200, 197, 138, 150, 152, 200, 124, 176, 192, 200, 192, 143, 163, 151, 200, 200, 168, 126, 200, 176, 159, 152, 157, 190, 200, 200, 178, 138, 150, 136, 160, 200, 130, 162, 134, 168, 179, 200, 106, 170, 157, 130, 154, 174, 147, 197, 200, 200, 130, 164, 173, 175, 200, 134, 147, 155, 200, 161, 134, 149, 157, 172, 200, 151, 173, 148, 200, 146, 188, 187, 143, 200], "episode_rewards": [200.0, 128.0, 140.0, 174.0, 133.0, 150.0, 132.0, 185.0, 165.0, 159.0, 178.0, 160.0, 119.0, 130.0, 152.0, 157.0, 167.0, 200.0, 157.0, 200.0, 196.0, 200.0, 200.0, 153.0, 200.0, 156.0, 144.0, 200.0, 200.0, 197.0, 138.0, 150.0, 152.0, 200.0, 124.0, 176.0, 192.0, 200.0, 192.0, 143.0, 163.0, 151.0, 200.0, 200.0, 168.0, 126.0, 200.0, 176.0, 159.0, 152.0, 157.0, 190.0, 200.0, 200.0, 178.0, 138.0, 150.0, 136.0, 160.0, 200.0, 130.0, 162.0, 134.0, 168.0, 179.0, 200.0, 106.0, 170.0, 157.0, 130.0, 154.0, 174.0, 147.0, 197.0, 200.0, 200.0, 130.0, 164.0, 173.0, 175.0, 200.0, 134.0, 147.0, 155.0, 200.0, 161.0, 134.0, 149.0, 157.0, 172.0, 200.0, 151.0, 173.0, 148.0, 200.0, 146.0, 188.0, 187.0, 143.0, 200.0], "episode_types": ["t", "t", "t", "t", "t", "t", "t", "t", "t", "t", "t", "t", "t", "t", "t", "t", "t", "t", "t", "t", "t", "t", "t", "t", "t", "t", "t", "t", "t", "t", "t", "t", "t", "t", "t", "t", "t", "t", "t", "t", "t", "t", "t", "t", "t", "t", "t", "t", "t", "t", "t", "t", "t", "t", "t", "t", "t", "t", "t", "t", "t", "t", "t", "t", "t", "t", "t", "t", "t", "t", "t", "t", "t", "t", "t", "t", "t", "t", "t", "t", "t", "t", "t", "t", "t", "t", "t", "t", "t", "t", "t", "t", "t", "t", "t", "t", "t", "t", "t", "t"]}