{"initial_reset_timestamp": 1585334799.131018, "timestamps": [1585334802.6750855, 1585334806.0920312, 1585334806.1886322, 1585334806.2187953, 1585334806.248497, 1585334806.2781708, 1585334806.3078802, 1585334806.3375814, 1585334809.7252336, 1585334809.8142238, 1585334809.8459442, 1585334809.8762, 1585334809.9058464, 1585334809.935477, 1585334809.965091, 1585334809.9946847, 1585334810.0242085, 1585334810.0537982, 1585334810.0832212, 1585334810.1125703, 1585334810.141874, 1585334810.1712372, 1585334810.2006755, 1585334810.2300327, 1585334810.2596135, 1585334810.2891533, 1585334810.3186893, 1585334813.6924376, 1585334813.7864106, 1585334813.8174915, 1585334813.8487635, 1585334813.8801782, 1585334813.9115915, 1585334813.9429154, 1585334813.9742231, 1585334814.0054092, 1585334814.0365407, 1585334814.0676577, 1585334814.0989432, 1585334814.1318984, 1585334814.1629891, 1585334814.1942759, 1585334814.2253077, 1585334814.256308, 1585334814.2874656, 1585334814.318704, 1585334814.3497274, 1585334814.3815455, 1585334814.4126954, 1585334814.4438112, 1585334814.4750092, 1585334814.5062175, 1585334814.5373542, 1585334814.568566, 1585334814.5998242, 1585334814.6309998, 1585334814.6623294, 1585334814.6939754, 1585334814.725563, 1585334814.7498686, 1585334814.7814372, 1585334814.8126805, 1585334814.8438647, 1585334814.87526, 1585334818.2595806, 1585334818.3477736, 1585334818.3771505, 1585334818.4064305, 1585334818.435767, 1585334818.465215, 1585334818.4946725, 1585334818.5241594, 1585334818.540232, 1585334818.5695252, 1585334818.5988739, 1585334818.628131, 1585334818.657416, 1585334818.6866887, 1585334818.716086, 1585334818.7454324, 1585334818.7622285, 1585334818.7916737, 1585334818.821036, 1585334818.850407, 1585334818.8798354, 1585334818.9093218, 1585334818.938781, 1585334818.9681656, 1585334818.9976435, 1585334819.0271332, 1585334819.056563, 1585334819.0859885, 1585334819.1156147, 1585334819.1455946, 1585334819.1751294, 1585334819.204674, 1585334819.2342298, 1585334819.263778, 1585334819.2933004, 1585334819.3228483], "episode_lengths": [200, 199, 200, 200, 200, 200, 200, 200, 200, 200, 200, 200, 200, 200, 200, 200, 200, 200, 200, 200, 200, 200, 200, 200, 200, 200, 200, 200, 200, 200, 200, 200, 200, 200, 200, 200, 200, 200, 200, 200, 200, 200, 200, 200, 200, 200, 200, 200, 200, 200, 200, 200, 200, 200, 200, 200, 200, 200, 200, 156, 200, 200, 200, 200, 200, 200, 200, 200, 200, 200, 200, 200, 109, 200, 200, 200, 200, 200, 200, 200, 114, 200, 200, 200, 200, 200, 200, 200, 200, 200, 200, 200, 200, 200, 200, 200, 200, 200, 200, 200], "episode_rewards": [200.0, 199.0, 200.0, 200.0, 200.0, 200.0, 200.0, 200.0, 200.0, 200.0, 200.0, 200.0, 200.0, 200.0, 200.0, 200.0, 200.0, 200.0, 200.0, 200.0, 200.0, 200.0, 200.0, 200.0, 200.0, 200.0, 200.0, 200.0, 200.0, 200.0, 200.0, 200.0, 200.0, 200.0, 200.0, 200.0, 200.0, 200.0, 200.0, 200.0, 200.0, 200.0, 200.0, 200.0, 200.0, 200.0, 200.0, 200.0, 200.0, 200.0, 200.0, 200.0, 200.0, 200.0, 200.0, 200.0, 200.0, 200.0, 200.0, 156.0, 200.0, 200.0, 200.0, 200.0, 200.0, 200.0, 200.0, 200.0, 200.0, 200.0, 200.0, 200.0, 109.0, 200.0, 200.0, 200.0, 200.0, 200.0, 200.0, 200.0, 114.0, 200.0, 200.0, 200.0, 200.0, 200.0, 200.0, 200.0, 200.0, 200.0, 200.0, 200.0, 200.0, 200.0, 200.0, 200.0, 200.0, 200.0, 200.0, 200.0], "episode_types": ["t", "t", "t", "t", "t", "t", "t", "t", "t", "t", "t", "t", "t", "t", "t", "t", "t", "t", "t", "t", "t", "t", "t", "t", "t", "t", "t", "t", "t", "t", "t", "t", "t", "t", "t", "t", "t", "t", "t", "t", "t", "t", "t", "t", "t", "t", "t", "t", "t", "t", "t", "t", "t", "t", "t", "t", "t", "t", "t", "t", "t", "t", "t", "t", "t", "t", "t", "t", "t", "t", "t", "t", "t", "t", "t", "t", "t", "t", "t", "t", "t", "t", "t", "t", "t", "t", "t", "t", "t", "t", "t", "t", "t", "t", "t", "t", "t", "t", "t", "t"]}