{"initial_reset_timestamp": 1584949143.1712499, "timestamps": [1584949145.248988, 1584949146.031091, 1584949148.101696, 1584949148.3989956, 1584949148.6605856, 1584949150.477549, 1584949151.0216863, 1584949153.0949101, 1584949153.5936348, 1584949153.9036407, 1584949155.769631, 1584949156.3229396, 1584949158.374267, 1584949158.6674397, 1584949158.9296472, 1584949160.723766, 1584949161.2588537, 1584949163.3416126, 1584949163.6302254, 1584949163.8911242, 1584949165.694253, 1584949166.2624521, 1584949168.2939777, 1584949168.5791457, 1584949168.8350906, 1584949170.7008164, 1584949171.2703614, 1584949173.6409657, 1584949173.9690504, 1584949174.2343104, 1584949176.0623941, 1584949176.6076624, 1584949178.7039802, 1584949178.999852, 1584949179.2646255, 1584949181.141495, 1584949181.72452, 1584949183.7987876, 1584949184.092091, 1584949184.3553822, 1584949186.2168424, 1584949186.7865837, 1584949188.8628647, 1584949189.153252, 1584949189.4067664, 1584949191.2370074, 1584949191.7774317, 1584949193.7597117, 1584949194.0414631, 1584949194.2939422], "episode_lengths": [469, 142, 528, 75, 67, 469, 142, 528, 75, 67, 469, 142, 528, 75, 67, 469, 142, 528, 75, 67, 469, 142, 528, 75, 67, 469, 142, 528, 75, 67, 469, 142, 528, 75, 67, 469, 142, 528, 75, 67, 469, 142, 528, 75, 67, 469, 142, 528, 75, 67], "episode_rewards": [13.0, 4.0, 14.0, 1.0, 2.0, 13.0, 4.0, 14.0, 1.0, 2.0, 13.0, 4.0, 14.0, 1.0, 2.0, 13.0, 4.0, 14.0, 1.0, 2.0, 13.0, 4.0, 14.0, 1.0, 2.0, 13.0, 4.0, 14.0, 1.0, 2.0, 13.0, 4.0, 14.0, 1.0, 2.0, 13.0, 4.0, 14.0, 1.0, 2.0, 13.0, 4.0, 14.0, 1.0, 2.0, 13.0, 4.0, 14.0, 1.0, 2.0], "episode_types": ["t", "t", "t", "t", "t", "t", "t", "t", "t", "t", "t", "t", "t", "t", "t", "t", "t", "t", "t", "t", "t", "t", "t", "t", "t", "t", "t", "t", "t", "t", "t", "t", "t", "t", "t", "t", "t", "t", "t", "t", "t", "t", "t", "t", "t", "t", "t", "t", "t", "t"]}