{"initial_reset_timestamp": 1584875660.08199, "timestamps": [1584875662.0883684, 1584875663.9214275, 1584875664.0001929, 1584875664.0089626, 1584875664.0206113, 1584875664.0325804, 1584875664.0435905, 1584875664.0539677, 1584875665.3880126, 1584875665.465547, 1584875665.4775062, 1584875665.4888432, 1584875665.5019073, 1584875665.5110154, 1584875665.5219913, 1584875665.530915, 1584875665.5408685, 1584875665.5550995, 1584875665.5673392, 1584875665.5789807, 1584875665.5886602, 1584875665.6003523, 1584875665.6152687, 1584875665.627201, 1584875665.636113, 1584875665.6455348, 1584875665.656338, 1584875667.871909, 1584875667.9498436, 1584875667.962305, 1584875667.9736679, 1584875667.9876206, 1584875667.9985876, 1584875668.0101166, 1584875668.0193126, 1584875668.029614, 1584875668.0404968, 1584875668.0535572, 1584875668.0642974, 1584875668.0734026, 1584875668.0838346, 1584875668.096257, 1584875668.1070426, 1584875668.118343, 1584875668.1278706, 1584875668.1389952, 1584875668.151142, 1584875668.1646047, 1584875668.1759071, 1584875668.186442, 1584875668.1973956, 1584875668.205775, 1584875668.2159133, 1584875668.2280958, 1584875668.2373598, 1584875668.2499115, 1584875668.2604034, 1584875668.2706382, 1584875668.2816033, 1584875668.2935848, 1584875668.3050516, 1584875668.3162844, 1584875668.3259041, 1584875668.3372478, 1584875670.2046013, 1584875670.276283, 1584875670.28722, 1584875670.2965028, 1584875670.3102336, 1584875670.3180177, 1584875670.3299463, 1584875670.340603, 1584875670.3514874, 1584875670.3614845, 1584875670.3703096, 1584875670.381941, 1584875670.3940616, 1584875670.4068966, 1584875670.4163918, 1584875670.4251542, 1584875670.4382198, 1584875670.4474149, 1584875670.4577127, 1584875670.4678159, 1584875670.477654, 1584875670.4882495, 1584875670.4983351, 1584875670.5076444, 1584875670.5179281, 1584875670.5276356, 1584875670.5368593, 1584875670.5479586, 1584875670.5579615, 1584875670.5702856, 1584875670.5828147, 1584875670.594172, 1584875670.6051342, 1584875670.6158798, 1584875670.627221, 1584875670.6393504], "episode_lengths": [105, 102, 122, 88, 117, 120, 110, 104, 78, 83, 120, 114, 132, 92, 111, 90, 101, 144, 124, 118, 98, 119, 152, 122, 90, 95, 110, 131, 124, 125, 114, 140, 109, 116, 93, 104, 110, 132, 108, 92, 106, 126, 109, 114, 96, 112, 122, 136, 114, 106, 110, 84, 102, 123, 93, 126, 106, 103, 110, 120, 115, 113, 97, 114, 110, 126, 109, 93, 138, 78, 120, 108, 110, 98, 89, 118, 123, 130, 96, 89, 132, 93, 104, 102, 99, 107, 102, 94, 104, 98, 93, 112, 101, 124, 126, 114, 110, 108, 114, 122], "episode_rewards": [105.0, 102.0, 122.0, 88.0, 117.0, 120.0, 110.0, 104.0, 78.0, 83.0, 120.0, 114.0, 132.0, 92.0, 111.0, 90.0, 101.0, 144.0, 124.0, 118.0, 98.0, 119.0, 152.0, 122.0, 90.0, 95.0, 110.0, 131.0, 124.0, 125.0, 114.0, 140.0, 109.0, 116.0, 93.0, 104.0, 110.0, 132.0, 108.0, 92.0, 106.0, 126.0, 109.0, 114.0, 96.0, 112.0, 122.0, 136.0, 114.0, 106.0, 110.0, 84.0, 102.0, 123.0, 93.0, 126.0, 106.0, 103.0, 110.0, 120.0, 115.0, 113.0, 97.0, 114.0, 110.0, 126.0, 109.0, 93.0, 138.0, 78.0, 120.0, 108.0, 110.0, 98.0, 89.0, 118.0, 123.0, 130.0, 96.0, 89.0, 132.0, 93.0, 104.0, 102.0, 99.0, 107.0, 102.0, 94.0, 104.0, 98.0, 93.0, 112.0, 101.0, 124.0, 126.0, 114.0, 110.0, 108.0, 114.0, 122.0], "episode_types": ["t", "t", "t", "t", "t", "t", "t", "t", "t", "t", "t", "t", "t", "t", "t", "t", "t", "t", "t", "t", "t", "t", "t", "t", "t", "t", "t", "t", "t", "t", "t", "t", "t", "t", "t", "t", "t", "t", "t", "t", "t", "t", "t", "t", "t", "t", "t", "t", "t", "t", "t", "t", "t", "t", "t", "t", "t", "t", "t", "t", "t", "t", "t", "t", "t", "t", "t", "t", "t", "t", "t", "t", "t", "t", "t", "t", "t", "t", "t", "t", "t", "t", "t", "t", "t", "t", "t", "t", "t", "t", "t", "t", "t", "t", "t", "t", "t", "t", "t", "t"]}